filename,file_size,file_attributes,region_count,region_id,region_shape_attributes,region_attributes
RearCam_Female_Expression_Surprised_100percentEyeState_00000001.jpg,2128079,"{""caption"":"""",""public_domain"":""no"",""image_url"":""""}",20,0,"{""name"":""point"",""cx"":1555,""cy"":2089}","{}"
RearCam_Female_Expression_Surprised_100percentEyeState_00000001.jpg,2128079,"{""caption"":"""",""public_domain"":""no"",""image_url"":""""}",20,1,"{""name"":""point"",""cx"":1595,""cy"":2061}","{}"
RearCam_Female_Expression_Surprised_100percentEyeState_00000001.jpg,2128079,"{""caption"":"""",""public_domain"":""no"",""image_url"":""""}",20,2,"{""name"":""point"",""cx"":1636,""cy"":2048}","{}"
RearCam_Female_Expression_Surprised_100percentEyeState_00000001.jpg,2128079,"{""caption"":"""",""public_domain"":""no"",""image_url"":""""}",20,3,"{""name"":""point"",""cx"":1666,""cy"":2045}","{}"
RearCam_Female_Expression_Surprised_100percentEyeState_00000001.jpg,2128079,"{""caption"":"""",""public_domain"":""no"",""image_url"":""""}",20,4,"{""name"":""point"",""cx"":1703,""cy"":2045}","{}"
RearCam_Female_Expression_Surprised_100percentEyeState_00000001.jpg,2128079,"{""caption"":"""",""public_domain"":""no"",""image_url"":""""}",20,5,"{""name"":""point"",""cx"":1780,""cy"":2081}","{}"
RearCam_Female_Expression_Surprised_100percentEyeState_00000001.jpg,2128079,"{""caption"":"""",""public_domain"":""no"",""image_url"":""""}",20,6,"{""name"":""point"",""cx"":1600,""cy"":2115}","{}"
RearCam_Female_Expression_Surprised_100percentEyeState_00000001.jpg,2128079,"{""caption"":"""",""public_domain"":""no"",""image_url"":""""}",20,7,"{""name"":""point"",""cx"":1643,""cy"":2115}","{}"
RearCam_Female_Expression_Surprised_100percentEyeState_00000001.jpg,2128079,"{""caption"":"""",""public_domain"":""no"",""image_url"":""""}",20,8,"{""name"":""point"",""cx"":1672,""cy"":2113}","{}"
RearCam_Female_Expression_Surprised_100percentEyeState_00000001.jpg,2128079,"{""caption"":"""",""public_domain"":""no"",""image_url"":""""}",20,9,"{""name"":""point"",""cx"":1707,""cy"":2101}","{}"
RearCam_Female_Expression_Surprised_100percentEyeState_00000001.jpg,2128079,"{""caption"":"""",""public_domain"":""no"",""image_url"":""""}",20,10,"{""name"":""point"",""cx"":1985,""cy"":2075}","{}"
RearCam_Female_Expression_Surprised_100percentEyeState_00000001.jpg,2128079,"{""caption"":"""",""public_domain"":""no"",""image_url"":""""}",20,11,"{""name"":""point"",""cx"":2024,""cy"":2043}","{}"
RearCam_Female_Expression_Surprised_100percentEyeState_00000001.jpg,2128079,"{""caption"":"""",""public_domain"":""no"",""image_url"":""""}",20,12,"{""name"":""point"",""cx"":2067,""cy"":2035}","{}"
RearCam_Female_Expression_Surprised_100percentEyeState_00000001.jpg,2128079,"{""caption"":"""",""public_domain"":""no"",""image_url"":""""}",20,13,"{""name"":""point"",""cx"":2108,""cy"":2036}","{}"
RearCam_Female_Expression_Surprised_100percentEyeState_00000001.jpg,2128079,"{""caption"":"""",""public_domain"":""no"",""image_url"":""""}",20,14,"{""name"":""point"",""cx"":2138,""cy"":2040}","{}"
RearCam_Female_Expression_Surprised_100percentEyeState_00000001.jpg,2128079,"{""caption"":"""",""public_domain"":""no"",""image_url"":""""}",20,15,"{""name"":""point"",""cx"":2188,""cy"":2064}","{}"
RearCam_Female_Expression_Surprised_100percentEyeState_00000001.jpg,2128079,"{""caption"":"""",""public_domain"":""no"",""image_url"":""""}",20,16,"{""name"":""point"",""cx"":2038,""cy"":2090}","{}"
RearCam_Female_Expression_Surprised_100percentEyeState_00000001.jpg,2128079,"{""caption"":"""",""public_domain"":""no"",""image_url"":""""}",20,17,"{""name"":""point"",""cx"":2076,""cy"":2096}","{}"
RearCam_Female_Expression_Surprised_100percentEyeState_00000001.jpg,2128079,"{""caption"":"""",""public_domain"":""no"",""image_url"":""""}",20,18,"{""name"":""point"",""cx"":2108,""cy"":2098}","{}"
RearCam_Female_Expression_Surprised_100percentEyeState_00000001.jpg,2128079,"{""caption"":"""",""public_domain"":""no"",""image_url"":""""}",20,19,"{""name"":""point"",""cx"":2149,""cy"":2090}","{}"
RearCam_Female_Expression_Surprised_100percentEyeState_00000002.jpg,2575576,"{""caption"":"""",""public_domain"":""no"",""image_url"":""""}",20,0,"{""name"":""point"",""cx"":1525,""cy"":2122}","{}"
RearCam_Female_Expression_Surprised_100percentEyeState_00000002.jpg,2575576,"{""caption"":"""",""public_domain"":""no"",""image_url"":""""}",20,1,"{""name"":""point"",""cx"":1555,""cy"":2117}","{}"
RearCam_Female_Expression_Surprised_100percentEyeState_00000002.jpg,2575576,"{""caption"":"""",""public_domain"":""no"",""image_url"":""""}",20,2,"{""name"":""point"",""cx"":1595,""cy"":2114}","{}"
RearCam_Female_Expression_Surprised_100percentEyeState_00000002.jpg,2575576,"{""caption"":"""",""public_domain"":""no"",""image_url"":""""}",20,3,"{""name"":""point"",""cx"":1623,""cy"":2106}","{}"
RearCam_Female_Expression_Surprised_100percentEyeState_00000002.jpg,2575576,"{""caption"":"""",""public_domain"":""no"",""image_url"":""""}",20,4,"{""name"":""point"",""cx"":1657,""cy"":2100}","{}"
RearCam_Female_Expression_Surprised_100percentEyeState_00000002.jpg,2575576,"{""caption"":"""",""public_domain"":""no"",""image_url"":""""}",20,5,"{""name"":""point"",""cx"":1714,""cy"":2110}","{}"
RearCam_Female_Expression_Surprised_100percentEyeState_00000002.jpg,2575576,"{""caption"":"""",""public_domain"":""no"",""image_url"":""""}",20,6,"{""name"":""point"",""cx"":1560,""cy"":2142}","{}"
RearCam_Female_Expression_Surprised_100percentEyeState_00000002.jpg,2575576,"{""caption"":"""",""public_domain"":""no"",""image_url"":""""}",20,7,"{""name"":""point"",""cx"":1593,""cy"":2145}","{}"
RearCam_Female_Expression_Surprised_100percentEyeState_00000002.jpg,2575576,"{""caption"":"""",""public_domain"":""no"",""image_url"":""""}",20,8,"{""name"":""point"",""cx"":1624,""cy"":2144}","{}"
RearCam_Female_Expression_Surprised_100percentEyeState_00000002.jpg,2575576,"{""caption"":"""",""public_domain"":""no"",""image_url"":""""}",20,9,"{""name"":""point"",""cx"":1653,""cy"":2132}","{}"
RearCam_Female_Expression_Surprised_100percentEyeState_00000002.jpg,2575576,"{""caption"":"""",""public_domain"":""no"",""image_url"":""""}",20,10,"{""name"":""point"",""cx"":1978,""cy"":2105}","{}"
RearCam_Female_Expression_Surprised_100percentEyeState_00000002.jpg,2575576,"{""caption"":"""",""public_domain"":""no"",""image_url"":""""}",20,11,"{""name"":""point"",""cx"":2013,""cy"":2093}","{}"
RearCam_Female_Expression_Surprised_100percentEyeState_00000002.jpg,2575576,"{""caption"":"""",""public_domain"":""no"",""image_url"":""""}",20,12,"{""name"":""point"",""cx"":2051,""cy"":2094}","{}"
RearCam_Female_Expression_Surprised_100percentEyeState_00000002.jpg,2575576,"{""caption"":"""",""public_domain"":""no"",""image_url"":""""}",20,13,"{""name"":""point"",""cx"":2089,""cy"":2094}","{}"
RearCam_Female_Expression_Surprised_100percentEyeState_00000002.jpg,2575576,"{""caption"":"""",""public_domain"":""no"",""image_url"":""""}",20,14,"{""name"":""point"",""cx"":2114,""cy"":2095}","{}"
RearCam_Female_Expression_Surprised_100percentEyeState_00000002.jpg,2575576,"{""caption"":"""",""public_domain"":""no"",""image_url"":""""}",20,15,"{""name"":""point"",""cx"":2150,""cy"":2107}","{}"
RearCam_Female_Expression_Surprised_100percentEyeState_00000002.jpg,2575576,"{""caption"":"""",""public_domain"":""no"",""image_url"":""""}",20,16,"{""name"":""point"",""cx"":2019,""cy"":2117}","{}"
RearCam_Female_Expression_Surprised_100percentEyeState_00000002.jpg,2575576,"{""caption"":"""",""public_domain"":""no"",""image_url"":""""}",20,17,"{""name"":""point"",""cx"":2051,""cy"":2120}","{}"
RearCam_Female_Expression_Surprised_100percentEyeState_00000002.jpg,2575576,"{""caption"":"""",""public_domain"":""no"",""image_url"":""""}",20,18,"{""name"":""point"",""cx"":2078,""cy"":2120}","{}"
RearCam_Female_Expression_Surprised_100percentEyeState_00000002.jpg,2575576,"{""caption"":"""",""public_domain"":""no"",""image_url"":""""}",20,19,"{""name"":""point"",""cx"":2104,""cy"":2117}","{}"
RearCam_Female_Expression_Surprised_100percentEyeState_00000010.jpg,4440279,"{""caption"":"""",""public_domain"":""no"",""image_url"":""""}",20,0,"{""name"":""point"",""cx"":1126,""cy"":1135}","{}"
RearCam_Female_Expression_Surprised_100percentEyeState_00000010.jpg,4440279,"{""caption"":"""",""public_domain"":""no"",""image_url"":""""}",20,1,"{""name"":""point"",""cx"":1191,""cy"":1116}","{}"
RearCam_Female_Expression_Surprised_100percentEyeState_00000010.jpg,4440279,"{""caption"":"""",""public_domain"":""no"",""image_url"":""""}",20,2,"{""name"":""point"",""cx"":1250,""cy"":1103}","{}"
RearCam_Female_Expression_Surprised_100percentEyeState_00000010.jpg,4440279,"{""caption"":"""",""public_domain"":""no"",""image_url"":""""}",20,3,"{""name"":""point"",""cx"":1300,""cy"":1090}","{}"
RearCam_Female_Expression_Surprised_100percentEyeState_00000010.jpg,4440279,"{""caption"":"""",""public_domain"":""no"",""image_url"":""""}",20,4,"{""name"":""point"",""cx"":1339,""cy"":1088}","{}"
RearCam_Female_Expression_Surprised_100percentEyeState_00000010.jpg,4440279,"{""caption"":"""",""public_domain"":""no"",""image_url"":""""}",20,5,"{""name"":""point"",""cx"":1401,""cy"":1100}","{}"
RearCam_Female_Expression_Surprised_100percentEyeState_00000010.jpg,4440279,"{""caption"":"""",""public_domain"":""no"",""image_url"":""""}",20,6,"{""name"":""point"",""cx"":1184,""cy"":1149}","{}"
RearCam_Female_Expression_Surprised_100percentEyeState_00000010.jpg,4440279,"{""caption"":"""",""public_domain"":""no"",""image_url"":""""}",20,7,"{""name"":""point"",""cx"":1242,""cy"":1144}","{}"
RearCam_Female_Expression_Surprised_100percentEyeState_00000010.jpg,4440279,"{""caption"":"""",""public_domain"":""no"",""image_url"":""""}",20,8,"{""name"":""point"",""cx"":1291,""cy"":1135}","{}"
RearCam_Female_Expression_Surprised_100percentEyeState_00000010.jpg,4440279,"{""caption"":"""",""public_domain"":""no"",""image_url"":""""}",20,9,"{""name"":""point"",""cx"":1327,""cy"":1118}","{}"
RearCam_Female_Expression_Surprised_100percentEyeState_00000010.jpg,4440279,"{""caption"":"""",""public_domain"":""no"",""image_url"":""""}",20,10,"{""name"":""point"",""cx"":1841,""cy"":1124}","{}"
RearCam_Female_Expression_Surprised_100percentEyeState_00000010.jpg,4440279,"{""caption"":"""",""public_domain"":""no"",""image_url"":""""}",20,11,"{""name"":""point"",""cx"":1901,""cy"":1129}","{}"
RearCam_Female_Expression_Surprised_100percentEyeState_00000010.jpg,4440279,"{""caption"":"""",""public_domain"":""no"",""image_url"":""""}",20,12,"{""name"":""point"",""cx"":1943,""cy"":1136}","{}"
RearCam_Female_Expression_Surprised_100percentEyeState_00000010.jpg,4440279,"{""caption"":"""",""public_domain"":""no"",""image_url"":""""}",20,13,"{""name"":""point"",""cx"":1990,""cy"":1152}","{}"
RearCam_Female_Expression_Surprised_100percentEyeState_00000010.jpg,4440279,"{""caption"":"""",""public_domain"":""no"",""image_url"":""""}",20,14,"{""name"":""point"",""cx"":2037,""cy"":1158}","{}"
RearCam_Female_Expression_Surprised_100percentEyeState_00000010.jpg,4440279,"{""caption"":"""",""public_domain"":""no"",""image_url"":""""}",20,15,"{""name"":""point"",""cx"":2075,""cy"":1180}","{}"
RearCam_Female_Expression_Surprised_100percentEyeState_00000010.jpg,4440279,"{""caption"":"""",""public_domain"":""no"",""image_url"":""""}",20,16,"{""name"":""point"",""cx"":1898,""cy"":1158}","{}"
RearCam_Female_Expression_Surprised_100percentEyeState_00000010.jpg,4440279,"{""caption"":"""",""public_domain"":""no"",""image_url"":""""}",20,17,"{""name"":""point"",""cx"":1943,""cy"":1168}","{}"
RearCam_Female_Expression_Surprised_100percentEyeState_00000010.jpg,4440279,"{""caption"":"""",""public_domain"":""no"",""image_url"":""""}",20,18,"{""name"":""point"",""cx"":1986,""cy"":1181}","{}"
RearCam_Female_Expression_Surprised_100percentEyeState_00000010.jpg,4440279,"{""caption"":"""",""public_domain"":""no"",""image_url"":""""}",20,19,"{""name"":""point"",""cx"":2025,""cy"":1183}","{}"
RearCam_Female_Expression_Surprised_100percentEyeState_00000011.jpg,4434764,"{""caption"":"""",""public_domain"":""no"",""image_url"":""""}",20,0,"{""name"":""point"",""cx"":1134,""cy"":1131}","{}"
RearCam_Female_Expression_Surprised_100percentEyeState_00000011.jpg,4434764,"{""caption"":"""",""public_domain"":""no"",""image_url"":""""}",20,1,"{""name"":""point"",""cx"":1199,""cy"":1092}","{}"
RearCam_Female_Expression_Surprised_100percentEyeState_00000011.jpg,4434764,"{""caption"":"""",""public_domain"":""no"",""image_url"":""""}",20,2,"{""name"":""point"",""cx"":1255,""cy"":1078}","{}"
RearCam_Female_Expression_Surprised_100percentEyeState_00000011.jpg,4434764,"{""caption"":"""",""public_domain"":""no"",""image_url"":""""}",20,3,"{""name"":""point"",""cx"":1305,""cy"":1082}","{}"
RearCam_Female_Expression_Surprised_100percentEyeState_00000011.jpg,4434764,"{""caption"":"""",""public_domain"":""no"",""image_url"":""""}",20,4,"{""name"":""point"",""cx"":1369,""cy"":1089}","{}"
RearCam_Female_Expression_Surprised_100percentEyeState_00000011.jpg,4434764,"{""caption"":"""",""public_domain"":""no"",""image_url"":""""}",20,5,"{""name"":""point"",""cx"":1425,""cy"":1109}","{}"
RearCam_Female_Expression_Surprised_100percentEyeState_00000011.jpg,4434764,"{""caption"":"""",""public_domain"":""no"",""image_url"":""""}",20,6,"{""name"":""point"",""cx"":1201,""cy"":1154}","{}"
RearCam_Female_Expression_Surprised_100percentEyeState_00000011.jpg,4434764,"{""caption"":"""",""public_domain"":""no"",""image_url"":""""}",20,7,"{""name"":""point"",""cx"":1276,""cy"":1155}","{}"
RearCam_Female_Expression_Surprised_100percentEyeState_00000011.jpg,4434764,"{""caption"":"""",""public_domain"":""no"",""image_url"":""""}",20,8,"{""name"":""point"",""cx"":1337,""cy"":1143}","{}"
RearCam_Female_Expression_Surprised_100percentEyeState_00000011.jpg,4434764,"{""caption"":"""",""public_domain"":""no"",""image_url"":""""}",20,9,"{""name"":""point"",""cx"":1390,""cy"":1129}","{}"
RearCam_Female_Expression_Surprised_100percentEyeState_00000011.jpg,4434764,"{""caption"":"""",""public_domain"":""no"",""image_url"":""""}",20,10,"{""name"":""point"",""cx"":1834,""cy"":1134}","{}"
RearCam_Female_Expression_Surprised_100percentEyeState_00000011.jpg,4434764,"{""caption"":"""",""public_domain"":""no"",""image_url"":""""}",20,11,"{""name"":""point"",""cx"":1924,""cy"":1126}","{}"
RearCam_Female_Expression_Surprised_100percentEyeState_00000011.jpg,4434764,"{""caption"":"""",""public_domain"":""no"",""image_url"":""""}",20,12,"{""name"":""point"",""cx"":1970,""cy"":1139}","{}"
RearCam_Female_Expression_Surprised_100percentEyeState_00000011.jpg,4434764,"{""caption"":"""",""public_domain"":""no"",""image_url"":""""}",20,13,"{""name"":""point"",""cx"":2010,""cy"":1152}","{}"
RearCam_Female_Expression_Surprised_100percentEyeState_00000011.jpg,4434764,"{""caption"":"""",""public_domain"":""no"",""image_url"":""""}",20,14,"{""name"":""point"",""cx"":2046,""cy"":1159}","{}"
RearCam_Female_Expression_Surprised_100percentEyeState_00000011.jpg,4434764,"{""caption"":"""",""public_domain"":""no"",""image_url"":""""}",20,15,"{""name"":""point"",""cx"":2085,""cy"":1187}","{}"
RearCam_Female_Expression_Surprised_100percentEyeState_00000011.jpg,4434764,"{""caption"":"""",""public_domain"":""no"",""image_url"":""""}",20,16,"{""name"":""point"",""cx"":1906,""cy"":1161}","{}"
RearCam_Female_Expression_Surprised_100percentEyeState_00000011.jpg,4434764,"{""caption"":"""",""public_domain"":""no"",""image_url"":""""}",20,17,"{""name"":""point"",""cx"":1941,""cy"":1175}","{}"
RearCam_Female_Expression_Surprised_100percentEyeState_00000011.jpg,4434764,"{""caption"":"""",""public_domain"":""no"",""image_url"":""""}",20,18,"{""name"":""point"",""cx"":1972,""cy"":1182}","{}"
RearCam_Female_Expression_Surprised_100percentEyeState_00000011.jpg,4434764,"{""caption"":"""",""public_domain"":""no"",""image_url"":""""}",20,19,"{""name"":""point"",""cx"":2003,""cy"":1186}","{}"
RearCam_Female_Expression_Surprised_100percentEyeState_00000013.jpg,4440788,"{""caption"":"""",""public_domain"":""no"",""image_url"":""""}",20,0,"{""name"":""point"",""cx"":1124,""cy"":1152}","{}"
RearCam_Female_Expression_Surprised_100percentEyeState_00000013.jpg,4440788,"{""caption"":"""",""public_domain"":""no"",""image_url"":""""}",20,1,"{""name"":""point"",""cx"":1176,""cy"":1124}","{}"
RearCam_Female_Expression_Surprised_100percentEyeState_00000013.jpg,4440788,"{""caption"":"""",""public_domain"":""no"",""image_url"":""""}",20,2,"{""name"":""point"",""cx"":1225,""cy"":1106}","{}"
RearCam_Female_Expression_Surprised_100percentEyeState_00000013.jpg,4440788,"{""caption"":"""",""public_domain"":""no"",""image_url"":""""}",20,3,"{""name"":""point"",""cx"":1276,""cy"":1101}","{}"
RearCam_Female_Expression_Surprised_100percentEyeState_00000013.jpg,4440788,"{""caption"":"""",""public_domain"":""no"",""image_url"":""""}",20,4,"{""name"":""point"",""cx"":1320,""cy"":1096}","{}"
RearCam_Female_Expression_Surprised_100percentEyeState_00000013.jpg,4440788,"{""caption"":"""",""public_domain"":""no"",""image_url"":""""}",20,5,"{""name"":""point"",""cx"":1417,""cy"":1114}","{}"
RearCam_Female_Expression_Surprised_100percentEyeState_00000013.jpg,4440788,"{""caption"":"""",""public_domain"":""no"",""image_url"":""""}",20,6,"{""name"":""point"",""cx"":1187,""cy"":1161}","{}"
RearCam_Female_Expression_Surprised_100percentEyeState_00000013.jpg,4440788,"{""caption"":"""",""public_domain"":""no"",""image_url"":""""}",20,7,"{""name"":""point"",""cx"":1236,""cy"":1156}","{}"
RearCam_Female_Expression_Surprised_100percentEyeState_00000013.jpg,4440788,"{""caption"":"""",""public_domain"":""no"",""image_url"":""""}",20,8,"{""name"":""point"",""cx"":1283,""cy"":1143}","{}"
RearCam_Female_Expression_Surprised_100percentEyeState_00000013.jpg,4440788,"{""caption"":"""",""public_domain"":""no"",""image_url"":""""}",20,9,"{""name"":""point"",""cx"":1330,""cy"":1134}","{}"
RearCam_Female_Expression_Surprised_100percentEyeState_00000013.jpg,4440788,"{""caption"":"""",""public_domain"":""no"",""image_url"":""""}",20,10,"{""name"":""point"",""cx"":1835,""cy"":1136}","{}"
RearCam_Female_Expression_Surprised_100percentEyeState_00000013.jpg,4440788,"{""caption"":"""",""public_domain"":""no"",""image_url"":""""}",20,11,"{""name"":""point"",""cx"":1900,""cy"":1129}","{}"
RearCam_Female_Expression_Surprised_100percentEyeState_00000013.jpg,4440788,"{""caption"":"""",""public_domain"":""no"",""image_url"":""""}",20,12,"{""name"":""point"",""cx"":1944,""cy"":1145}","{}"
RearCam_Female_Expression_Surprised_100percentEyeState_00000013.jpg,4440788,"{""caption"":"""",""public_domain"":""no"",""image_url"":""""}",20,13,"{""name"":""point"",""cx"":1978,""cy"":1159}","{}"
RearCam_Female_Expression_Surprised_100percentEyeState_00000013.jpg,4440788,"{""caption"":"""",""public_domain"":""no"",""image_url"":""""}",20,14,"{""name"":""point"",""cx"":2012,""cy"":1164}","{}"
RearCam_Female_Expression_Surprised_100percentEyeState_00000013.jpg,4440788,"{""caption"":"""",""public_domain"":""no"",""image_url"":""""}",20,15,"{""name"":""point"",""cx"":2072,""cy"":1196}","{}"
RearCam_Female_Expression_Surprised_100percentEyeState_00000013.jpg,4440788,"{""caption"":"""",""public_domain"":""no"",""image_url"":""""}",20,16,"{""name"":""point"",""cx"":1891,""cy"":1169}","{}"
RearCam_Female_Expression_Surprised_100percentEyeState_00000013.jpg,4440788,"{""caption"":"""",""public_domain"":""no"",""image_url"":""""}",20,17,"{""name"":""point"",""cx"":1929,""cy"":1185}","{}"
RearCam_Female_Expression_Surprised_100percentEyeState_00000013.jpg,4440788,"{""caption"":"""",""public_domain"":""no"",""image_url"":""""}",20,18,"{""name"":""point"",""cx"":1962,""cy"":1194}","{}"
RearCam_Female_Expression_Surprised_100percentEyeState_00000013.jpg,4440788,"{""caption"":"""",""public_domain"":""no"",""image_url"":""""}",20,19,"{""name"":""point"",""cx"":1994,""cy"":1197}","{}"
RearCam_male_Expression_Surprised_100percentEyeState_00000003.jpg,2249823,"{""caption"":"""",""public_domain"":""no"",""image_url"":""""}",20,0,"{""name"":""point"",""cx"":1606,""cy"":2216}","{}"
RearCam_male_Expression_Surprised_100percentEyeState_00000003.jpg,2249823,"{""caption"":"""",""public_domain"":""no"",""image_url"":""""}",20,1,"{""name"":""point"",""cx"":1642,""cy"":2192}","{}"
RearCam_male_Expression_Surprised_100percentEyeState_00000003.jpg,2249823,"{""caption"":"""",""public_domain"":""no"",""image_url"":""""}",20,2,"{""name"":""point"",""cx"":1668,""cy"":2190}","{}"
RearCam_male_Expression_Surprised_100percentEyeState_00000003.jpg,2249823,"{""caption"":"""",""public_domain"":""no"",""image_url"":""""}",20,3,"{""name"":""point"",""cx"":1692,""cy"":2190}","{}"
RearCam_male_Expression_Surprised_100percentEyeState_00000003.jpg,2249823,"{""caption"":"""",""public_domain"":""no"",""image_url"":""""}",20,4,"{""name"":""point"",""cx"":1717,""cy"":2194}","{}"
RearCam_male_Expression_Surprised_100percentEyeState_00000003.jpg,2249823,"{""caption"":"""",""public_domain"":""no"",""image_url"":""""}",20,5,"{""name"":""point"",""cx"":1747,""cy"":2205}","{}"
RearCam_male_Expression_Surprised_100percentEyeState_00000003.jpg,2249823,"{""caption"":"""",""public_domain"":""no"",""image_url"":""""}",20,6,"{""name"":""point"",""cx"":1638,""cy"":2228}","{}"
RearCam_male_Expression_Surprised_100percentEyeState_00000003.jpg,2249823,"{""caption"":"""",""public_domain"":""no"",""image_url"":""""}",20,7,"{""name"":""point"",""cx"":1680,""cy"":2234}","{}"
RearCam_male_Expression_Surprised_100percentEyeState_00000003.jpg,2249823,"{""caption"":"""",""public_domain"":""no"",""image_url"":""""}",20,8,"{""name"":""point"",""cx"":1705,""cy"":2230}","{}"
RearCam_male_Expression_Surprised_100percentEyeState_00000003.jpg,2249823,"{""caption"":"""",""public_domain"":""no"",""image_url"":""""}",20,9,"{""name"":""point"",""cx"":1722,""cy"":2227}","{}"
RearCam_male_Expression_Surprised_100percentEyeState_00000003.jpg,2249823,"{""caption"":"""",""public_domain"":""no"",""image_url"":""""}",20,10,"{""name"":""point"",""cx"":1913,""cy"":2242}","{}"
RearCam_male_Expression_Surprised_100percentEyeState_00000003.jpg,2249823,"{""caption"":"""",""public_domain"":""no"",""image_url"":""""}",20,11,"{""name"":""point"",""cx"":1970,""cy"":2210}","{}"
RearCam_male_Expression_Surprised_100percentEyeState_00000003.jpg,2249823,"{""caption"":"""",""public_domain"":""no"",""image_url"":""""}",20,12,"{""name"":""point"",""cx"":2006,""cy"":2212}","{}"
RearCam_male_Expression_Surprised_100percentEyeState_00000003.jpg,2249823,"{""caption"":"""",""public_domain"":""no"",""image_url"":""""}",20,13,"{""name"":""point"",""cx"":2037,""cy"":2218}","{}"
RearCam_male_Expression_Surprised_100percentEyeState_00000003.jpg,2249823,"{""caption"":"""",""public_domain"":""no"",""image_url"":""""}",20,14,"{""name"":""point"",""cx"":2064,""cy"":2229}","{}"
RearCam_male_Expression_Surprised_100percentEyeState_00000003.jpg,2249823,"{""caption"":"""",""public_domain"":""no"",""image_url"":""""}",20,15,"{""name"":""point"",""cx"":2096,""cy"":2247}","{}"
RearCam_male_Expression_Surprised_100percentEyeState_00000003.jpg,2249823,"{""caption"":"""",""public_domain"":""no"",""image_url"":""""}",20,16,"{""name"":""point"",""cx"":1961,""cy"":2247}","{}"
RearCam_male_Expression_Surprised_100percentEyeState_00000003.jpg,2249823,"{""caption"":"""",""public_domain"":""no"",""image_url"":""""}",20,17,"{""name"":""point"",""cx"":1992,""cy"":2259}","{}"
RearCam_male_Expression_Surprised_100percentEyeState_00000003.jpg,2249823,"{""caption"":"""",""public_domain"":""no"",""image_url"":""""}",20,18,"{""name"":""point"",""cx"":2029,""cy"":2269}","{}"
RearCam_male_Expression_Surprised_100percentEyeState_00000003.jpg,2249823,"{""caption"":"""",""public_domain"":""no"",""image_url"":""""}",20,19,"{""name"":""point"",""cx"":2066,""cy"":2261}","{}"
RearCam_male_Expression_Surprised_100percentEyeState_00000004.jpg,2245020,"{""caption"":"""",""public_domain"":""no"",""image_url"":""""}",20,0,"{""name"":""point"",""cx"":1589,""cy"":2236}","{}"
RearCam_male_Expression_Surprised_100percentEyeState_00000004.jpg,2245020,"{""caption"":"""",""public_domain"":""no"",""image_url"":""""}",20,1,"{""name"":""point"",""cx"":1741,""cy"":2230}","{}"
RearCam_male_Expression_Surprised_100percentEyeState_00000004.jpg,2245020,"{""caption"":"""",""public_domain"":""no"",""image_url"":""""}",20,2,"{""name"":""point"",""cx"":1623,""cy"":2229}","{}"
RearCam_male_Expression_Surprised_100percentEyeState_00000004.jpg,2245020,"{""caption"":"""",""public_domain"":""no"",""image_url"":""""}",20,3,"{""name"":""point"",""cx"":1653,""cy"":2229}","{}"
RearCam_male_Expression_Surprised_100percentEyeState_00000004.jpg,2245020,"{""caption"":"""",""public_domain"":""no"",""image_url"":""""}",20,4,"{""name"":""point"",""cx"":1682,""cy"":2228}","{}"
RearCam_male_Expression_Surprised_100percentEyeState_00000004.jpg,2245020,"{""caption"":"""",""public_domain"":""no"",""image_url"":""""}",20,5,"{""name"":""point"",""cx"":1704,""cy"":2219}","{}"
RearCam_male_Expression_Surprised_100percentEyeState_00000004.jpg,2245020,"{""caption"":"""",""public_domain"":""no"",""image_url"":""""}",20,6,"{""name"":""point"",""cx"":1631,""cy"":2254}","{}"
RearCam_male_Expression_Surprised_100percentEyeState_00000004.jpg,2245020,"{""caption"":"""",""public_domain"":""no"",""image_url"":""""}",20,7,"{""name"":""point"",""cx"":1662,""cy"":2254}","{}"
RearCam_male_Expression_Surprised_100percentEyeState_00000004.jpg,2245020,"{""caption"":"""",""public_domain"":""no"",""image_url"":""""}",20,8,"{""name"":""point"",""cx"":1682,""cy"":2252}","{}"
RearCam_male_Expression_Surprised_100percentEyeState_00000004.jpg,2245020,"{""caption"":"""",""public_domain"":""no"",""image_url"":""""}",20,9,"{""name"":""point"",""cx"":1718,""cy"":2246}","{}"
RearCam_male_Expression_Surprised_100percentEyeState_00000004.jpg,2245020,"{""caption"":"""",""public_domain"":""no"",""image_url"":""""}",20,10,"{""name"":""point"",""cx"":1916,""cy"":2239}","{}"
RearCam_male_Expression_Surprised_100percentEyeState_00000004.jpg,2245020,"{""caption"":"""",""public_domain"":""no"",""image_url"":""""}",20,11,"{""name"":""point"",""cx"":2077,""cy"":2268}","{}"
RearCam_male_Expression_Surprised_100percentEyeState_00000004.jpg,2245020,"{""caption"":"""",""public_domain"":""no"",""image_url"":""""}",20,12,"{""name"":""point"",""cx"":1958,""cy"":2230}","{}"
RearCam_male_Expression_Surprised_100percentEyeState_00000004.jpg,2245020,"{""caption"":"""",""public_domain"":""no"",""image_url"":""""}",20,13,"{""name"":""point"",""cx"":1994,""cy"":2247}","{}"
RearCam_male_Expression_Surprised_100percentEyeState_00000004.jpg,2245020,"{""caption"":"""",""public_domain"":""no"",""image_url"":""""}",20,14,"{""name"":""point"",""cx"":2018,""cy"":2246}","{}"
RearCam_male_Expression_Surprised_100percentEyeState_00000004.jpg,2245020,"{""caption"":"""",""public_domain"":""no"",""image_url"":""""}",20,15,"{""name"":""point"",""cx"":2049,""cy"":2247}","{}"
RearCam_male_Expression_Surprised_100percentEyeState_00000004.jpg,2245020,"{""caption"":"""",""public_domain"":""no"",""image_url"":""""}",20,16,"{""name"":""point"",""cx"":1942,""cy"":2258}","{}"
RearCam_male_Expression_Surprised_100percentEyeState_00000004.jpg,2245020,"{""caption"":"""",""public_domain"":""no"",""image_url"":""""}",20,17,"{""name"":""point"",""cx"":1975,""cy"":2266}","{}"
RearCam_male_Expression_Surprised_100percentEyeState_00000004.jpg,2245020,"{""caption"":"""",""public_domain"":""no"",""image_url"":""""}",20,18,"{""name"":""point"",""cx"":2010,""cy"":2274}","{}"
RearCam_male_Expression_Surprised_100percentEyeState_00000004.jpg,2245020,"{""caption"":"""",""public_domain"":""no"",""image_url"":""""}",20,19,"{""name"":""point"",""cx"":2035,""cy"":2274}","{}"
RearCam_male_Expression_Surprised_100percentEyeState_00000005.jpg,2266568,"{""caption"":"""",""public_domain"":""no"",""image_url"":""""}",20,0,"{""name"":""point"",""cx"":1584,""cy"":2230}","{}"
RearCam_male_Expression_Surprised_100percentEyeState_00000005.jpg,2266568,"{""caption"":"""",""public_domain"":""no"",""image_url"":""""}",20,1,"{""name"":""point"",""cx"":1739,""cy"":2226}","{}"
RearCam_male_Expression_Surprised_100percentEyeState_00000005.jpg,2266568,"{""caption"":"""",""public_domain"":""no"",""image_url"":""""}",20,2,"{""name"":""point"",""cx"":1612,""cy"":2213}","{}"
RearCam_male_Expression_Surprised_100percentEyeState_00000005.jpg,2266568,"{""caption"":"""",""public_domain"":""no"",""image_url"":""""}",20,3,"{""name"":""point"",""cx"":1655,""cy"":2210}","{}"
RearCam_male_Expression_Surprised_100percentEyeState_00000005.jpg,2266568,"{""caption"":"""",""public_domain"":""no"",""image_url"":""""}",20,4,"{""name"":""point"",""cx"":1686,""cy"":2207}","{}"
RearCam_male_Expression_Surprised_100percentEyeState_00000005.jpg,2266568,"{""caption"":"""",""public_domain"":""no"",""image_url"":""""}",20,5,"{""name"":""point"",""cx"":1712,""cy"":2204}","{}"
RearCam_male_Expression_Surprised_100percentEyeState_00000005.jpg,2266568,"{""caption"":"""",""public_domain"":""no"",""image_url"":""""}",20,6,"{""name"":""point"",""cx"":1612,""cy"":2243}","{}"
RearCam_male_Expression_Surprised_100percentEyeState_00000005.jpg,2266568,"{""caption"":"""",""public_domain"":""no"",""image_url"":""""}",20,7,"{""name"":""point"",""cx"":1649,""cy"":2246}","{}"
RearCam_male_Expression_Surprised_100percentEyeState_00000005.jpg,2266568,"{""caption"":"""",""public_domain"":""no"",""image_url"":""""}",20,8,"{""name"":""point"",""cx"":1683,""cy"":2245}","{}"
RearCam_male_Expression_Surprised_100percentEyeState_00000005.jpg,2266568,"{""caption"":"""",""public_domain"":""no"",""image_url"":""""}",20,9,"{""name"":""point"",""cx"":1710,""cy"":2234}","{}"
RearCam_male_Expression_Surprised_100percentEyeState_00000005.jpg,2266568,"{""caption"":"""",""public_domain"":""no"",""image_url"":""""}",20,10,"{""name"":""point"",""cx"":1909,""cy"":2241}","{}"
RearCam_male_Expression_Surprised_100percentEyeState_00000005.jpg,2266568,"{""caption"":"""",""public_domain"":""no"",""image_url"":""""}",20,11,"{""name"":""point"",""cx"":2079,""cy"":2256}","{}"
RearCam_male_Expression_Surprised_100percentEyeState_00000005.jpg,2266568,"{""caption"":"""",""public_domain"":""no"",""image_url"":""""}",20,12,"{""name"":""point"",""cx"":1953,""cy"":2226}","{}"
RearCam_male_Expression_Surprised_100percentEyeState_00000005.jpg,2266568,"{""caption"":"""",""public_domain"":""no"",""image_url"":""""}",20,13,"{""name"":""point"",""cx"":1988,""cy"":2231}","{}"
RearCam_male_Expression_Surprised_100percentEyeState_00000005.jpg,2266568,"{""caption"":"""",""public_domain"":""no"",""image_url"":""""}",20,14,"{""name"":""point"",""cx"":2017,""cy"":2239}","{}"
RearCam_male_Expression_Surprised_100percentEyeState_00000005.jpg,2266568,"{""caption"":"""",""public_domain"":""no"",""image_url"":""""}",20,15,"{""name"":""point"",""cx"":2048,""cy"":2246}","{}"
RearCam_male_Expression_Surprised_100percentEyeState_00000005.jpg,2266568,"{""caption"":"""",""public_domain"":""no"",""image_url"":""""}",20,16,"{""name"":""point"",""cx"":1958,""cy"":2259}","{}"
RearCam_male_Expression_Surprised_100percentEyeState_00000005.jpg,2266568,"{""caption"":"""",""public_domain"":""no"",""image_url"":""""}",20,17,"{""name"":""point"",""cx"":1984,""cy"":2268}","{}"
RearCam_male_Expression_Surprised_100percentEyeState_00000005.jpg,2266568,"{""caption"":"""",""public_domain"":""no"",""image_url"":""""}",20,18,"{""name"":""point"",""cx"":2013,""cy"":2276}","{}"
RearCam_male_Expression_Surprised_100percentEyeState_00000005.jpg,2266568,"{""caption"":"""",""public_domain"":""no"",""image_url"":""""}",20,19,"{""name"":""point"",""cx"":2046,""cy"":2271}","{}"
RearCam_male_Expression_Surprised_100percentEyeState_00000006.jpg,2265471,"{""caption"":"""",""public_domain"":""no"",""image_url"":""""}",20,0,"{""name"":""point"",""cx"":1600,""cy"":2232}","{}"
RearCam_male_Expression_Surprised_100percentEyeState_00000006.jpg,2265471,"{""caption"":"""",""public_domain"":""no"",""image_url"":""""}",20,1,"{""name"":""point"",""cx"":1637,""cy"":2222}","{}"
RearCam_male_Expression_Surprised_100percentEyeState_00000006.jpg,2265471,"{""caption"":"""",""public_domain"":""no"",""image_url"":""""}",20,2,"{""name"":""point"",""cx"":1665,""cy"":2223}","{}"
RearCam_male_Expression_Surprised_100percentEyeState_00000006.jpg,2265471,"{""caption"":"""",""public_domain"":""no"",""image_url"":""""}",20,3,"{""name"":""point"",""cx"":1688,""cy"":2219}","{}"
RearCam_male_Expression_Surprised_100percentEyeState_00000006.jpg,2265471,"{""caption"":"""",""public_domain"":""no"",""image_url"":""""}",20,4,"{""name"":""point"",""cx"":1711,""cy"":2214}","{}"
RearCam_male_Expression_Surprised_100percentEyeState_00000006.jpg,2265471,"{""caption"":"""",""public_domain"":""no"",""image_url"":""""}",20,5,"{""name"":""point"",""cx"":1738,""cy"":2220}","{}"
RearCam_male_Expression_Surprised_100percentEyeState_00000006.jpg,2265471,"{""caption"":"""",""public_domain"":""no"",""image_url"":""""}",20,6,"{""name"":""point"",""cx"":1631,""cy"":2249}","{}"
RearCam_male_Expression_Surprised_100percentEyeState_00000006.jpg,2265471,"{""caption"":"""",""public_domain"":""no"",""image_url"":""""}",20,7,"{""name"":""point"",""cx"":1659,""cy"":2248}","{}"
RearCam_male_Expression_Surprised_100percentEyeState_00000006.jpg,2265471,"{""caption"":"""",""public_domain"":""no"",""image_url"":""""}",20,8,"{""name"":""point"",""cx"":1678,""cy"":2247}","{}"
RearCam_male_Expression_Surprised_100percentEyeState_00000006.jpg,2265471,"{""caption"":"""",""public_domain"":""no"",""image_url"":""""}",20,9,"{""name"":""point"",""cx"":1700,""cy"":2241}","{}"
RearCam_male_Expression_Surprised_100percentEyeState_00000006.jpg,2265471,"{""caption"":"""",""public_domain"":""no"",""image_url"":""""}",20,10,"{""name"":""point"",""cx"":1919,""cy"":2235}","{}"
RearCam_male_Expression_Surprised_100percentEyeState_00000006.jpg,2265471,"{""caption"":"""",""public_domain"":""no"",""image_url"":""""}",20,11,"{""name"":""point"",""cx"":2082,""cy"":2263}","{}"
RearCam_male_Expression_Surprised_100percentEyeState_00000006.jpg,2265471,"{""caption"":"""",""public_domain"":""no"",""image_url"":""""}",20,12,"{""name"":""point"",""cx"":1957,""cy"":2236}","{}"
RearCam_male_Expression_Surprised_100percentEyeState_00000006.jpg,2265471,"{""caption"":"""",""public_domain"":""no"",""image_url"":""""}",20,13,"{""name"":""point"",""cx"":1990,""cy"":2244}","{}"
RearCam_male_Expression_Surprised_100percentEyeState_00000006.jpg,2265471,"{""caption"":"""",""public_domain"":""no"",""image_url"":""""}",20,14,"{""name"":""point"",""cx"":2023,""cy"":2252}","{}"
RearCam_male_Expression_Surprised_100percentEyeState_00000006.jpg,2265471,"{""caption"":"""",""public_domain"":""no"",""image_url"":""""}",20,15,"{""name"":""point"",""cx"":2051,""cy"":2251}","{}"
RearCam_male_Expression_Surprised_100percentEyeState_00000006.jpg,2265471,"{""caption"":"""",""public_domain"":""no"",""image_url"":""""}",20,16,"{""name"":""point"",""cx"":1941,""cy"":2252}","{}"
RearCam_male_Expression_Surprised_100percentEyeState_00000006.jpg,2265471,"{""caption"":"""",""public_domain"":""no"",""image_url"":""""}",20,17,"{""name"":""point"",""cx"":1975,""cy"":2263}","{}"
RearCam_male_Expression_Surprised_100percentEyeState_00000006.jpg,2265471,"{""caption"":"""",""public_domain"":""no"",""image_url"":""""}",20,18,"{""name"":""point"",""cx"":2001,""cy"":2267}","{}"
RearCam_male_Expression_Surprised_100percentEyeState_00000006.jpg,2265471,"{""caption"":"""",""public_domain"":""no"",""image_url"":""""}",20,19,"{""name"":""point"",""cx"":2026,""cy"":2267}","{}"
RearCam_male_Expression_Surprised_100percentEyeState_00000007.jpg,2372812,"{""caption"":"""",""public_domain"":""no"",""image_url"":""""}",20,0,"{""name"":""point"",""cx"":1364,""cy"":2367}","{}"
RearCam_male_Expression_Surprised_100percentEyeState_00000007.jpg,2372812,"{""caption"":"""",""public_domain"":""no"",""image_url"":""""}",20,1,"{""name"":""point"",""cx"":1499,""cy"":2335}","{}"
RearCam_male_Expression_Surprised_100percentEyeState_00000007.jpg,2372812,"{""caption"":"""",""public_domain"":""no"",""image_url"":""""}",20,2,"{""name"":""point"",""cx"":1387,""cy"":2350}","{}"
RearCam_male_Expression_Surprised_100percentEyeState_00000007.jpg,2372812,"{""caption"":"""",""public_domain"":""no"",""image_url"":""""}",20,3,"{""name"":""point"",""cx"":1418,""cy"":2339}","{}"
RearCam_male_Expression_Surprised_100percentEyeState_00000007.jpg,2372812,"{""caption"":"""",""public_domain"":""no"",""image_url"":""""}",20,4,"{""name"":""point"",""cx"":1447,""cy"":2337}","{}"
RearCam_male_Expression_Surprised_100percentEyeState_00000007.jpg,2372812,"{""caption"":"""",""public_domain"":""no"",""image_url"":""""}",20,5,"{""name"":""point"",""cx"":1472,""cy"":2325}","{}"
RearCam_male_Expression_Surprised_100percentEyeState_00000007.jpg,2372812,"{""caption"":"""",""public_domain"":""no"",""image_url"":""""}",20,6,"{""name"":""point"",""cx"":1394,""cy"":2367}","{}"
RearCam_male_Expression_Surprised_100percentEyeState_00000007.jpg,2372812,"{""caption"":"""",""public_domain"":""no"",""image_url"":""""}",20,7,"{""name"":""point"",""cx"":1423,""cy"":2361}","{}"
RearCam_male_Expression_Surprised_100percentEyeState_00000007.jpg,2372812,"{""caption"":"""",""public_domain"":""no"",""image_url"":""""}",20,8,"{""name"":""point"",""cx"":1443,""cy"":2354}","{}"
RearCam_male_Expression_Surprised_100percentEyeState_00000007.jpg,2372812,"{""caption"":"""",""public_domain"":""no"",""image_url"":""""}",20,9,"{""name"":""point"",""cx"":1461,""cy"":2347}","{}"
RearCam_male_Expression_Surprised_100percentEyeState_00000007.jpg,2372812,"{""caption"":"""",""public_domain"":""no"",""image_url"":""""}",20,10,"{""name"":""point"",""cx"":1681,""cy"":2341}","{}"
RearCam_male_Expression_Surprised_100percentEyeState_00000007.jpg,2372812,"{""caption"":"""",""public_domain"":""no"",""image_url"":""""}",20,11,"{""name"":""point"",""cx"":1822,""cy"":2355}","{}"
RearCam_male_Expression_Surprised_100percentEyeState_00000007.jpg,2372812,"{""caption"":"""",""public_domain"":""no"",""image_url"":""""}",20,12,"{""name"":""point"",""cx"":1719,""cy"":2330}","{}"
RearCam_male_Expression_Surprised_100percentEyeState_00000007.jpg,2372812,"{""caption"":"""",""public_domain"":""no"",""image_url"":""""}",20,13,"{""name"":""point"",""cx"":1746,""cy"":2335}","{}"
RearCam_male_Expression_Surprised_100percentEyeState_00000007.jpg,2372812,"{""caption"":"""",""public_domain"":""no"",""image_url"":""""}",20,14,"{""name"":""point"",""cx"":1768,""cy"":2335}","{}"
RearCam_male_Expression_Surprised_100percentEyeState_00000007.jpg,2372812,"{""caption"":"""",""public_domain"":""no"",""image_url"":""""}",20,15,"{""name"":""point"",""cx"":1792,""cy"":2338}","{}"
RearCam_male_Expression_Surprised_100percentEyeState_00000007.jpg,2372812,"{""caption"":"""",""public_domain"":""no"",""image_url"":""""}",20,16,"{""name"":""point"",""cx"":1717,""cy"":2350}","{}"
RearCam_male_Expression_Surprised_100percentEyeState_00000007.jpg,2372812,"{""caption"":"""",""public_domain"":""no"",""image_url"":""""}",20,17,"{""name"":""point"",""cx"":1746,""cy"":2355}","{}"
RearCam_male_Expression_Surprised_100percentEyeState_00000007.jpg,2372812,"{""caption"":"""",""public_domain"":""no"",""image_url"":""""}",20,18,"{""name"":""point"",""cx"":1769,""cy"":2357}","{}"
RearCam_male_Expression_Surprised_100percentEyeState_00000007.jpg,2372812,"{""caption"":"""",""public_domain"":""no"",""image_url"":""""}",20,19,"{""name"":""point"",""cx"":1793,""cy"":2355}","{}"
RearCam_male_Expression_Surprised_100percentEyeState_00000008.jpg,2372914,"{""caption"":"""",""public_domain"":""no"",""image_url"":""""}",20,0,"{""name"":""point"",""cx"":1370,""cy"":2361}","{}"
RearCam_male_Expression_Surprised_100percentEyeState_00000008.jpg,2372914,"{""caption"":"""",""public_domain"":""no"",""image_url"":""""}",20,1,"{""name"":""point"",""cx"":1504,""cy"":2339}","{}"
RearCam_male_Expression_Surprised_100percentEyeState_00000008.jpg,2372914,"{""caption"":"""",""public_domain"":""no"",""image_url"":""""}",20,2,"{""name"":""point"",""cx"":1390,""cy"":2347}","{}"
RearCam_male_Expression_Surprised_100percentEyeState_00000008.jpg,2372914,"{""caption"":"""",""public_domain"":""no"",""image_url"":""""}",20,3,"{""name"":""point"",""cx"":1422,""cy"":2344}","{}"
RearCam_male_Expression_Surprised_100percentEyeState_00000008.jpg,2372914,"{""caption"":"""",""public_domain"":""no"",""image_url"":""""}",20,4,"{""name"":""point"",""cx"":1449,""cy"":2339}","{}"
RearCam_male_Expression_Surprised_100percentEyeState_00000008.jpg,2372914,"{""caption"":"""",""public_domain"":""no"",""image_url"":""""}",20,5,"{""name"":""point"",""cx"":1472,""cy"":2329}","{}"
RearCam_male_Expression_Surprised_100percentEyeState_00000008.jpg,2372914,"{""caption"":"""",""public_domain"":""no"",""image_url"":""""}",20,6,"{""name"":""point"",""cx"":1395,""cy"":2361}","{}"
RearCam_male_Expression_Surprised_100percentEyeState_00000008.jpg,2372914,"{""caption"":"""",""public_domain"":""no"",""image_url"":""""}",20,7,"{""name"":""point"",""cx"":1424,""cy"":2366}","{}"
RearCam_male_Expression_Surprised_100percentEyeState_00000008.jpg,2372914,"{""caption"":"""",""public_domain"":""no"",""image_url"":""""}",20,8,"{""name"":""point"",""cx"":1471,""cy"":2352}","{}"
RearCam_male_Expression_Surprised_100percentEyeState_00000008.jpg,2372914,"{""caption"":"""",""public_domain"":""no"",""image_url"":""""}",20,9,"{""name"":""point"",""cx"":1452,""cy"":2360}","{}"
RearCam_male_Expression_Surprised_100percentEyeState_00000008.jpg,2372914,"{""caption"":"""",""public_domain"":""no"",""image_url"":""""}",20,10,"{""name"":""point"",""cx"":1682,""cy"":2345}","{}"
RearCam_male_Expression_Surprised_100percentEyeState_00000008.jpg,2372914,"{""caption"":"""",""public_domain"":""no"",""image_url"":""""}",20,11,"{""name"":""point"",""cx"":1831,""cy"":2359}","{}"
RearCam_male_Expression_Surprised_100percentEyeState_00000008.jpg,2372914,"{""caption"":"""",""public_domain"":""no"",""image_url"":""""}",20,12,"{""name"":""point"",""cx"":1718,""cy"":2324}","{}"
RearCam_male_Expression_Surprised_100percentEyeState_00000008.jpg,2372914,"{""caption"":"""",""public_domain"":""no"",""image_url"":""""}",20,13,"{""name"":""point"",""cx"":1753,""cy"":2329}","{}"
RearCam_male_Expression_Surprised_100percentEyeState_00000008.jpg,2372914,"{""caption"":"""",""public_domain"":""no"",""image_url"":""""}",20,14,"{""name"":""point"",""cx"":1785,""cy"":2334}","{}"
RearCam_male_Expression_Surprised_100percentEyeState_00000008.jpg,2372914,"{""caption"":"""",""public_domain"":""no"",""image_url"":""""}",20,15,"{""name"":""point"",""cx"":1810,""cy"":2338}","{}"
RearCam_male_Expression_Surprised_100percentEyeState_00000008.jpg,2372914,"{""caption"":"""",""public_domain"":""no"",""image_url"":""""}",20,16,"{""name"":""point"",""cx"":1724,""cy"":2350}","{}"
RearCam_male_Expression_Surprised_100percentEyeState_00000008.jpg,2372914,"{""caption"":"""",""public_domain"":""no"",""image_url"":""""}",20,17,"{""name"":""point"",""cx"":1748,""cy"":2354}","{}"
RearCam_male_Expression_Surprised_100percentEyeState_00000008.jpg,2372914,"{""caption"":"""",""public_domain"":""no"",""image_url"":""""}",20,18,"{""name"":""point"",""cx"":1775,""cy"":2358}","{}"
RearCam_male_Expression_Surprised_100percentEyeState_00000008.jpg,2372914,"{""caption"":"""",""public_domain"":""no"",""image_url"":""""}",20,19,"{""name"":""point"",""cx"":1796,""cy"":2359}","{}"
RearCam_male_Expression_Surprised_100percentEyeState_00000009.jpg,2370822,"{""caption"":"""",""public_domain"":""no"",""image_url"":""""}",20,0,"{""name"":""point"",""cx"":1360,""cy"":2357}","{}"
RearCam_male_Expression_Surprised_100percentEyeState_00000009.jpg,2370822,"{""caption"":"""",""public_domain"":""no"",""image_url"":""""}",20,1,"{""name"":""point"",""cx"":1400,""cy"":2338}","{}"
RearCam_male_Expression_Surprised_100percentEyeState_00000009.jpg,2370822,"{""caption"":"""",""public_domain"":""no"",""image_url"":""""}",20,2,"{""name"":""point"",""cx"":1433,""cy"":2324}","{}"
RearCam_male_Expression_Surprised_100percentEyeState_00000009.jpg,2370822,"{""caption"":"""",""public_domain"":""no"",""image_url"":""""}",20,3,"{""name"":""point"",""cx"":1475,""cy"":2313}","{}"
RearCam_male_Expression_Surprised_100percentEyeState_00000009.jpg,2370822,"{""caption"":"""",""public_domain"":""no"",""image_url"":""""}",20,4,"{""name"":""point"",""cx"":1502,""cy"":2315}","{}"
RearCam_male_Expression_Surprised_100percentEyeState_00000009.jpg,2370822,"{""caption"":"""",""public_domain"":""no"",""image_url"":""""}",20,5,"{""name"":""point"",""cx"":1514,""cy"":2337}","{}"
RearCam_male_Expression_Surprised_100percentEyeState_00000009.jpg,2370822,"{""caption"":"""",""public_domain"":""no"",""image_url"":""""}",20,6,"{""name"":""point"",""cx"":1402,""cy"":2366}","{}"
RearCam_male_Expression_Surprised_100percentEyeState_00000009.jpg,2370822,"{""caption"":"""",""public_domain"":""no"",""image_url"":""""}",20,7,"{""name"":""point"",""cx"":1430,""cy"":2366}","{}"
RearCam_male_Expression_Surprised_100percentEyeState_00000009.jpg,2370822,"{""caption"":"""",""public_domain"":""no"",""image_url"":""""}",20,8,"{""name"":""point"",""cx"":1454,""cy"":2363}","{}"
RearCam_male_Expression_Surprised_100percentEyeState_00000009.jpg,2370822,"{""caption"":"""",""public_domain"":""no"",""image_url"":""""}",20,9,"{""name"":""point"",""cx"":1480,""cy"":2357}","{}"
RearCam_male_Expression_Surprised_100percentEyeState_00000009.jpg,2370822,"{""caption"":"""",""public_domain"":""no"",""image_url"":""""}",20,10,"{""name"":""point"",""cx"":1684,""cy"":2342}","{}"
RearCam_male_Expression_Surprised_100percentEyeState_00000009.jpg,2370822,"{""caption"":"""",""public_domain"":""no"",""image_url"":""""}",20,11,"{""name"":""point"",""cx"":1836,""cy"":2364}","{}"
RearCam_male_Expression_Surprised_100percentEyeState_00000009.jpg,2370822,"{""caption"":"""",""public_domain"":""no"",""image_url"":""""}",20,12,"{""name"":""point"",""cx"":1709,""cy"":2325}","{}"
RearCam_male_Expression_Surprised_100percentEyeState_00000009.jpg,2370822,"{""caption"":"""",""public_domain"":""no"",""image_url"":""""}",20,13,"{""name"":""point"",""cx"":1749,""cy"":2322}","{}"
RearCam_male_Expression_Surprised_100percentEyeState_00000009.jpg,2370822,"{""caption"":"""",""public_domain"":""no"",""image_url"":""""}",20,14,"{""name"":""point"",""cx"":1775,""cy"":2326}","{}"
RearCam_male_Expression_Surprised_100percentEyeState_00000009.jpg,2370822,"{""caption"":"""",""public_domain"":""no"",""image_url"":""""}",20,15,"{""name"":""point"",""cx"":1803,""cy"":2327}","{}"
RearCam_male_Expression_Surprised_100percentEyeState_00000009.jpg,2370822,"{""caption"":"""",""public_domain"":""no"",""image_url"":""""}",20,16,"{""name"":""point"",""cx"":1711,""cy"":2364}","{}"
RearCam_male_Expression_Surprised_100percentEyeState_00000009.jpg,2370822,"{""caption"":"""",""public_domain"":""no"",""image_url"":""""}",20,17,"{""name"":""point"",""cx"":1734,""cy"":2367}","{}"
RearCam_male_Expression_Surprised_100percentEyeState_00000009.jpg,2370822,"{""caption"":"""",""public_domain"":""no"",""image_url"":""""}",20,18,"{""name"":""point"",""cx"":1768,""cy"":2365}","{}"
RearCam_male_Expression_Surprised_100percentEyeState_00000009.jpg,2370822,"{""caption"":"""",""public_domain"":""no"",""image_url"":""""}",20,19,"{""name"":""point"",""cx"":1801,""cy"":2367}","{}"
RearCam_male_Expression_Surprised_100percentEyeState_00000014.jpg,3831359,"{""caption"":"""",""public_domain"":""no"",""image_url"":""""}",20,0,"{""name"":""point"",""cx"":1023,""cy"":2253}","{}"
RearCam_male_Expression_Surprised_100percentEyeState_00000014.jpg,3831359,"{""caption"":"""",""public_domain"":""no"",""image_url"":""""}",20,1,"{""name"":""point"",""cx"":1439,""cy"":2216}","{}"
RearCam_male_Expression_Surprised_100percentEyeState_00000014.jpg,3831359,"{""caption"":"""",""public_domain"":""no"",""image_url"":""""}",20,2,"{""name"":""point"",""cx"":1104,""cy"":2227}","{}"
RearCam_male_Expression_Surprised_100percentEyeState_00000014.jpg,3831359,"{""caption"":"""",""public_domain"":""no"",""image_url"":""""}",20,3,"{""name"":""point"",""cx"":1213,""cy"":2211}","{}"
RearCam_male_Expression_Surprised_100percentEyeState_00000014.jpg,3831359,"{""caption"":"""",""public_domain"":""no"",""image_url"":""""}",20,4,"{""name"":""point"",""cx"":1293,""cy"":2192}","{}"
RearCam_male_Expression_Surprised_100percentEyeState_00000014.jpg,3831359,"{""caption"":"""",""public_domain"":""no"",""image_url"":""""}",20,5,"{""name"":""point"",""cx"":1353,""cy"":2182}","{}"
RearCam_male_Expression_Surprised_100percentEyeState_00000014.jpg,3831359,"{""caption"":"""",""public_domain"":""no"",""image_url"":""""}",20,6,"{""name"":""point"",""cx"":1132,""cy"":2279}","{}"
RearCam_male_Expression_Surprised_100percentEyeState_00000014.jpg,3831359,"{""caption"":"""",""public_domain"":""no"",""image_url"":""""}",20,7,"{""name"":""point"",""cx"":1202,""cy"":2276}","{}"
RearCam_male_Expression_Surprised_100percentEyeState_00000014.jpg,3831359,"{""caption"":"""",""public_domain"":""no"",""image_url"":""""}",20,8,"{""name"":""point"",""cx"":1268,""cy"":2271}","{}"
RearCam_male_Expression_Surprised_100percentEyeState_00000014.jpg,3831359,"{""caption"":"""",""public_domain"":""no"",""image_url"":""""}",20,9,"{""name"":""point"",""cx"":1349,""cy"":2248}","{}"
RearCam_male_Expression_Surprised_100percentEyeState_00000014.jpg,3831359,"{""caption"":"""",""public_domain"":""no"",""image_url"":""""}",20,10,"{""name"":""point"",""cx"":2035,""cy"":2187}","{}"
RearCam_male_Expression_Surprised_100percentEyeState_00000014.jpg,3831359,"{""caption"":"""",""public_domain"":""no"",""image_url"":""""}",20,11,"{""name"":""point"",""cx"":2479,""cy"":2170}","{}"
RearCam_male_Expression_Surprised_100percentEyeState_00000014.jpg,3831359,"{""caption"":"""",""public_domain"":""no"",""image_url"":""""}",20,12,"{""name"":""point"",""cx"":2128,""cy"":2164}","{}"
RearCam_male_Expression_Surprised_100percentEyeState_00000014.jpg,3831359,"{""caption"":"""",""public_domain"":""no"",""image_url"":""""}",20,13,"{""name"":""point"",""cx"":2241,""cy"":2177}","{}"
RearCam_male_Expression_Surprised_100percentEyeState_00000014.jpg,3831359,"{""caption"":"""",""public_domain"":""no"",""image_url"":""""}",20,14,"{""name"":""point"",""cx"":2314,""cy"":2182}","{}"
RearCam_male_Expression_Surprised_100percentEyeState_00000014.jpg,3831359,"{""caption"":"""",""public_domain"":""no"",""image_url"":""""}",20,15,"{""name"":""point"",""cx"":2388,""cy"":2173}","{}"
RearCam_male_Expression_Surprised_100percentEyeState_00000014.jpg,3831359,"{""caption"":"""",""public_domain"":""no"",""image_url"":""""}",20,16,"{""name"":""point"",""cx"":2145,""cy"":2223}","{}"
RearCam_male_Expression_Surprised_100percentEyeState_00000014.jpg,3831359,"{""caption"":"""",""public_domain"":""no"",""image_url"":""""}",20,17,"{""name"":""point"",""cx"":2235,""cy"":2230}","{}"
RearCam_male_Expression_Surprised_100percentEyeState_00000014.jpg,3831359,"{""caption"":"""",""public_domain"":""no"",""image_url"":""""}",20,18,"{""name"":""point"",""cx"":2302,""cy"":2232}","{}"
RearCam_male_Expression_Surprised_100percentEyeState_00000014.jpg,3831359,"{""caption"":"""",""public_domain"":""no"",""image_url"":""""}",20,19,"{""name"":""point"",""cx"":2400,""cy"":2221}","{}"
RearCam_male_Expression_Surprised_100percentEyeState_00000015.jpg,3888431,"{""caption"":"""",""public_domain"":""no"",""image_url"":""""}",20,0,"{""name"":""point"",""cx"":965,""cy"":2187}","{}"
RearCam_male_Expression_Surprised_100percentEyeState_00000015.jpg,3888431,"{""caption"":"""",""public_domain"":""no"",""image_url"":""""}",20,1,"{""name"":""point"",""cx"":1058,""cy"":2157}","{}"
RearCam_male_Expression_Surprised_100percentEyeState_00000015.jpg,3888431,"{""caption"":"""",""public_domain"":""no"",""image_url"":""""}",20,2,"{""name"":""point"",""cx"":1106,""cy"":2150}","{}"
RearCam_male_Expression_Surprised_100percentEyeState_00000015.jpg,3888431,"{""caption"":"""",""public_domain"":""no"",""image_url"":""""}",20,3,"{""name"":""point"",""cx"":1185,""cy"":2144}","{}"
RearCam_male_Expression_Surprised_100percentEyeState_00000015.jpg,3888431,"{""caption"":"""",""public_domain"":""no"",""image_url"":""""}",20,4,"{""name"":""point"",""cx"":1234,""cy"":2134}","{}"
RearCam_male_Expression_Surprised_100percentEyeState_00000015.jpg,3888431,"{""caption"":"""",""public_domain"":""no"",""image_url"":""""}",20,5,"{""name"":""point"",""cx"":1393,""cy"":2159}","{}"
RearCam_male_Expression_Surprised_100percentEyeState_00000015.jpg,3888431,"{""caption"":"""",""public_domain"":""no"",""image_url"":""""}",20,6,"{""name"":""point"",""cx"":1074,""cy"":2231}","{}"
RearCam_male_Expression_Surprised_100percentEyeState_00000015.jpg,3888431,"{""caption"":"""",""public_domain"":""no"",""image_url"":""""}",20,7,"{""name"":""point"",""cx"":1170,""cy"":2236}","{}"
RearCam_male_Expression_Surprised_100percentEyeState_00000015.jpg,3888431,"{""caption"":"""",""public_domain"":""no"",""image_url"":""""}",20,8,"{""name"":""point"",""cx"":1236,""cy"":2226}","{}"
RearCam_male_Expression_Surprised_100percentEyeState_00000015.jpg,3888431,"{""caption"":"""",""public_domain"":""no"",""image_url"":""""}",20,9,"{""name"":""point"",""cx"":1292,""cy"":2209}","{}"
RearCam_male_Expression_Surprised_100percentEyeState_00000015.jpg,3888431,"{""caption"":"""",""public_domain"":""no"",""image_url"":""""}",20,10,"{""name"":""point"",""cx"":1995,""cy"":2155}","{}"
RearCam_male_Expression_Surprised_100percentEyeState_00000015.jpg,3888431,"{""caption"":"""",""public_domain"":""no"",""image_url"":""""}",20,11,"{""name"":""point"",""cx"":2121,""cy"":2119}","{}"
RearCam_male_Expression_Surprised_100percentEyeState_00000015.jpg,3888431,"{""caption"":"""",""public_domain"":""no"",""image_url"":""""}",20,12,"{""name"":""point"",""cx"":2186,""cy"":2116}","{}"
RearCam_male_Expression_Surprised_100percentEyeState_00000015.jpg,3888431,"{""caption"":"""",""public_domain"":""no"",""image_url"":""""}",20,13,"{""name"":""point"",""cx"":2259,""cy"":2115}","{}"
RearCam_male_Expression_Surprised_100percentEyeState_00000015.jpg,3888431,"{""caption"":"""",""public_domain"":""no"",""image_url"":""""}",20,14,"{""name"":""point"",""cx"":2331,""cy"":2106}","{}"
RearCam_male_Expression_Surprised_100percentEyeState_00000015.jpg,3888431,"{""caption"":"""",""public_domain"":""no"",""image_url"":""""}",20,15,"{""name"":""point"",""cx"":2433,""cy"":2101}","{}"
RearCam_male_Expression_Surprised_100percentEyeState_00000015.jpg,3888431,"{""caption"":"""",""public_domain"":""no"",""image_url"":""""}",20,16,"{""name"":""point"",""cx"":2122,""cy"":2183}","{}"
RearCam_male_Expression_Surprised_100percentEyeState_00000015.jpg,3888431,"{""caption"":"""",""public_domain"":""no"",""image_url"":""""}",20,17,"{""name"":""point"",""cx"":2196,""cy"":2190}","{}"
RearCam_male_Expression_Surprised_100percentEyeState_00000015.jpg,3888431,"{""caption"":"""",""public_domain"":""no"",""image_url"":""""}",20,18,"{""name"":""point"",""cx"":2254,""cy"":2187}","{}"
RearCam_male_Expression_Surprised_100percentEyeState_00000015.jpg,3888431,"{""caption"":"""",""public_domain"":""no"",""image_url"":""""}",20,19,"{""name"":""point"",""cx"":2333,""cy"":2175}","{}"
RearCam_male_Expression_Surprised_100percentEyeState_00000016.jpg,3920361,"{""caption"":"""",""public_domain"":""no"",""image_url"":""""}",20,0,"{""name"":""point"",""cx"":997,""cy"":2206}","{}"
RearCam_male_Expression_Surprised_100percentEyeState_00000016.jpg,3920361,"{""caption"":"""",""public_domain"":""no"",""image_url"":""""}",20,1,"{""name"":""point"",""cx"":1082,""cy"":2180}","{}"
RearCam_male_Expression_Surprised_100percentEyeState_00000016.jpg,3920361,"{""caption"":"""",""public_domain"":""no"",""image_url"":""""}",20,2,"{""name"":""point"",""cx"":1162,""cy"":2165}","{}"
RearCam_male_Expression_Surprised_100percentEyeState_00000016.jpg,3920361,"{""caption"":"""",""public_domain"":""no"",""image_url"":""""}",20,3,"{""name"":""point"",""cx"":1238,""cy"":2157}","{}"
RearCam_male_Expression_Surprised_100percentEyeState_00000016.jpg,3920361,"{""caption"":"""",""public_domain"":""no"",""image_url"":""""}",20,4,"{""name"":""point"",""cx"":1313,""cy"":2147}","{}"
RearCam_male_Expression_Surprised_100percentEyeState_00000016.jpg,3920361,"{""caption"":"""",""public_domain"":""no"",""image_url"":""""}",20,5,"{""name"":""point"",""cx"":1417,""cy"":2159}","{}"
RearCam_male_Expression_Surprised_100percentEyeState_00000016.jpg,3920361,"{""caption"":"""",""public_domain"":""no"",""image_url"":""""}",20,6,"{""name"":""point"",""cx"":1105,""cy"":2236}","{}"
RearCam_male_Expression_Surprised_100percentEyeState_00000016.jpg,3920361,"{""caption"":"""",""public_domain"":""no"",""image_url"":""""}",20,7,"{""name"":""point"",""cx"":1179,""cy"":2236}","{}"
RearCam_male_Expression_Surprised_100percentEyeState_00000016.jpg,3920361,"{""caption"":"""",""public_domain"":""no"",""image_url"":""""}",20,8,"{""name"":""point"",""cx"":1242,""cy"":2227}","{}"
RearCam_male_Expression_Surprised_100percentEyeState_00000016.jpg,3920361,"{""caption"":"""",""public_domain"":""no"",""image_url"":""""}",20,9,"{""name"":""point"",""cx"":1302,""cy"":2216}","{}"
RearCam_male_Expression_Surprised_100percentEyeState_00000016.jpg,3920361,"{""caption"":"""",""public_domain"":""no"",""image_url"":""""}",20,10,"{""name"":""point"",""cx"":2026,""cy"":2145}","{}"
RearCam_male_Expression_Surprised_100percentEyeState_00000016.jpg,3920361,"{""caption"":"""",""public_domain"":""no"",""image_url"":""""}",20,11,"{""name"":""point"",""cx"":2111,""cy"":2110}","{}"
RearCam_male_Expression_Surprised_100percentEyeState_00000016.jpg,3920361,"{""caption"":"""",""public_domain"":""no"",""image_url"":""""}",20,12,"{""name"":""point"",""cx"":2194,""cy"":2115}","{}"
RearCam_male_Expression_Surprised_100percentEyeState_00000016.jpg,3920361,"{""caption"":"""",""public_domain"":""no"",""image_url"":""""}",20,13,"{""name"":""point"",""cx"":2268,""cy"":2109}","{}"
RearCam_male_Expression_Surprised_100percentEyeState_00000016.jpg,3920361,"{""caption"":"""",""public_domain"":""no"",""image_url"":""""}",20,14,"{""name"":""point"",""cx"":2371,""cy"":2102}","{}"
RearCam_male_Expression_Surprised_100percentEyeState_00000016.jpg,3920361,"{""caption"":"""",""public_domain"":""no"",""image_url"":""""}",20,15,"{""name"":""point"",""cx"":2455,""cy"":2123}","{}"
RearCam_male_Expression_Surprised_100percentEyeState_00000016.jpg,3920361,"{""caption"":"""",""public_domain"":""no"",""image_url"":""""}",20,16,"{""name"":""point"",""cx"":2140,""cy"":2179}","{}"
RearCam_male_Expression_Surprised_100percentEyeState_00000016.jpg,3920361,"{""caption"":"""",""public_domain"":""no"",""image_url"":""""}",20,17,"{""name"":""point"",""cx"":2229,""cy"":2192}","{}"
RearCam_male_Expression_Surprised_100percentEyeState_00000016.jpg,3920361,"{""caption"":"""",""public_domain"":""no"",""image_url"":""""}",20,18,"{""name"":""point"",""cx"":2380,""cy"":2178}","{}"
RearCam_male_Expression_Surprised_100percentEyeState_00000016.jpg,3920361,"{""caption"":"""",""public_domain"":""no"",""image_url"":""""}",20,19,"{""name"":""point"",""cx"":2291,""cy"":2184}","{}"
RearCam_male_Expression_Surprised_100percentEyeState_00000017.jpg,3902191,"{""caption"":"""",""public_domain"":""no"",""image_url"":""""}",20,0,"{""name"":""point"",""cx"":1007,""cy"":2192}","{}"
RearCam_male_Expression_Surprised_100percentEyeState_00000017.jpg,3902191,"{""caption"":"""",""public_domain"":""no"",""image_url"":""""}",20,1,"{""name"":""point"",""cx"":1427,""cy"":2154}","{}"
RearCam_male_Expression_Surprised_100percentEyeState_00000017.jpg,3902191,"{""caption"":"""",""public_domain"":""no"",""image_url"":""""}",20,2,"{""name"":""point"",""cx"":1075,""cy"":2162}","{}"
RearCam_male_Expression_Surprised_100percentEyeState_00000017.jpg,3902191,"{""caption"":"""",""public_domain"":""no"",""image_url"":""""}",20,3,"{""name"":""point"",""cx"":1175,""cy"":2142}","{}"
RearCam_male_Expression_Surprised_100percentEyeState_00000017.jpg,3902191,"{""caption"":"""",""public_domain"":""no"",""image_url"":""""}",20,4,"{""name"":""point"",""cx"":1254,""cy"":2142}","{}"
RearCam_male_Expression_Surprised_100percentEyeState_00000017.jpg,3902191,"{""caption"":"""",""public_domain"":""no"",""image_url"":""""}",20,5,"{""name"":""point"",""cx"":1327,""cy"":2127}","{}"
RearCam_male_Expression_Surprised_100percentEyeState_00000017.jpg,3902191,"{""caption"":"""",""public_domain"":""no"",""image_url"":""""}",20,6,"{""name"":""point"",""cx"":1095,""cy"":2217}","{}"
RearCam_male_Expression_Surprised_100percentEyeState_00000017.jpg,3902191,"{""caption"":"""",""public_domain"":""no"",""image_url"":""""}",20,7,"{""name"":""point"",""cx"":1174,""cy"":2219}","{}"
RearCam_male_Expression_Surprised_100percentEyeState_00000017.jpg,3902191,"{""caption"":"""",""public_domain"":""no"",""image_url"":""""}",20,8,"{""name"":""point"",""cx"":1262,""cy"":2212}","{}"
RearCam_male_Expression_Surprised_100percentEyeState_00000017.jpg,3902191,"{""caption"":"""",""public_domain"":""no"",""image_url"":""""}",20,9,"{""name"":""point"",""cx"":1347,""cy"":2182}","{}"
RearCam_male_Expression_Surprised_100percentEyeState_00000017.jpg,3902191,"{""caption"":"""",""public_domain"":""no"",""image_url"":""""}",20,10,"{""name"":""point"",""cx"":2015,""cy"":2140}","{}"
RearCam_male_Expression_Surprised_100percentEyeState_00000017.jpg,3902191,"{""caption"":"""",""public_domain"":""no"",""image_url"":""""}",20,11,"{""name"":""point"",""cx"":2477,""cy"":2107}","{}"
RearCam_male_Expression_Surprised_100percentEyeState_00000017.jpg,3902191,"{""caption"":"""",""public_domain"":""no"",""image_url"":""""}",20,12,"{""name"":""point"",""cx"":2143,""cy"":2107}","{}"
RearCam_male_Expression_Surprised_100percentEyeState_00000017.jpg,3902191,"{""caption"":"""",""public_domain"":""no"",""image_url"":""""}",20,13,"{""name"":""point"",""cx"":2253,""cy"":2118}","{}"
RearCam_male_Expression_Surprised_100percentEyeState_00000017.jpg,3902191,"{""caption"":"""",""public_domain"":""no"",""image_url"":""""}",20,14,"{""name"":""point"",""cx"":2331,""cy"":2116}","{}"
RearCam_male_Expression_Surprised_100percentEyeState_00000017.jpg,3902191,"{""caption"":"""",""public_domain"":""no"",""image_url"":""""}",20,15,"{""name"":""point"",""cx"":2412,""cy"":2099}","{}"
RearCam_male_Expression_Surprised_100percentEyeState_00000017.jpg,3902191,"{""caption"":"""",""public_domain"":""no"",""image_url"":""""}",20,16,"{""name"":""point"",""cx"":2142,""cy"":2176}","{}"
RearCam_male_Expression_Surprised_100percentEyeState_00000017.jpg,3902191,"{""caption"":"""",""public_domain"":""no"",""image_url"":""""}",20,17,"{""name"":""point"",""cx"":2254,""cy"":2184}","{}"
RearCam_male_Expression_Surprised_100percentEyeState_00000017.jpg,3902191,"{""caption"":"""",""public_domain"":""no"",""image_url"":""""}",20,18,"{""name"":""point"",""cx"":2323,""cy"":2186}","{}"
RearCam_male_Expression_Surprised_100percentEyeState_00000017.jpg,3902191,"{""caption"":"""",""public_domain"":""no"",""image_url"":""""}",20,19,"{""name"":""point"",""cx"":2404,""cy"":2166}","{}"
RearCam_male_Expression_Surprised_100percentEyeState_00000018.jpg,3929327,"{""caption"":"""",""public_domain"":""no"",""image_url"":""""}",20,0,"{""name"":""point"",""cx"":1054,""cy"":2191}","{}"
RearCam_male_Expression_Surprised_100percentEyeState_00000018.jpg,3929327,"{""caption"":"""",""public_domain"":""no"",""image_url"":""""}",20,1,"{""name"":""point"",""cx"":1131,""cy"":2151}","{}"
RearCam_male_Expression_Surprised_100percentEyeState_00000018.jpg,3929327,"{""caption"":"""",""public_domain"":""no"",""image_url"":""""}",20,2,"{""name"":""point"",""cx"":1215,""cy"":2149}","{}"
RearCam_male_Expression_Surprised_100percentEyeState_00000018.jpg,3929327,"{""caption"":"""",""public_domain"":""no"",""image_url"":""""}",20,3,"{""name"":""point"",""cx"":1296,""cy"":2129}","{}"
RearCam_male_Expression_Surprised_100percentEyeState_00000018.jpg,3929327,"{""caption"":"""",""public_domain"":""no"",""image_url"":""""}",20,4,"{""name"":""point"",""cx"":1380,""cy"":2124}","{}"
RearCam_male_Expression_Surprised_100percentEyeState_00000018.jpg,3929327,"{""caption"":"""",""public_domain"":""no"",""image_url"":""""}",20,5,"{""name"":""point"",""cx"":1518,""cy"":2152}","{}"
RearCam_male_Expression_Surprised_100percentEyeState_00000018.jpg,3929327,"{""caption"":"""",""public_domain"":""no"",""image_url"":""""}",20,6,"{""name"":""point"",""cx"":1152,""cy"":2216}","{}"
RearCam_male_Expression_Surprised_100percentEyeState_00000018.jpg,3929327,"{""caption"":"""",""public_domain"":""no"",""image_url"":""""}",20,7,"{""name"":""point"",""cx"":1238,""cy"":2221}","{}"
RearCam_male_Expression_Surprised_100percentEyeState_00000018.jpg,3929327,"{""caption"":"""",""public_domain"":""no"",""image_url"":""""}",20,8,"{""name"":""point"",""cx"":1310,""cy"":2212}","{}"
RearCam_male_Expression_Surprised_100percentEyeState_00000018.jpg,3929327,"{""caption"":"""",""public_domain"":""no"",""image_url"":""""}",20,9,"{""name"":""point"",""cx"":1380,""cy"":2193}","{}"
RearCam_male_Expression_Surprised_100percentEyeState_00000018.jpg,3929327,"{""caption"":"""",""public_domain"":""no"",""image_url"":""""}",20,10,"{""name"":""point"",""cx"":2092,""cy"":2137}","{}"
RearCam_male_Expression_Surprised_100percentEyeState_00000018.jpg,3929327,"{""caption"":"""",""public_domain"":""no"",""image_url"":""""}",20,11,"{""name"":""point"",""cx"":2474,""cy"":2129}","{}"
RearCam_male_Expression_Surprised_100percentEyeState_00000018.jpg,3929327,"{""caption"":"""",""public_domain"":""no"",""image_url"":""""}",20,12,"{""name"":""point"",""cx"":2215,""cy"":2118}","{}"
RearCam_male_Expression_Surprised_100percentEyeState_00000018.jpg,3929327,"{""caption"":"""",""public_domain"":""no"",""image_url"":""""}",20,13,"{""name"":""point"",""cx"":2288,""cy"":2122}","{}"
RearCam_male_Expression_Surprised_100percentEyeState_00000018.jpg,3929327,"{""caption"":"""",""public_domain"":""no"",""image_url"":""""}",20,14,"{""name"":""point"",""cx"":2346,""cy"":2122}","{}"
RearCam_male_Expression_Surprised_100percentEyeState_00000018.jpg,3929327,"{""caption"":"""",""public_domain"":""no"",""image_url"":""""}",20,15,"{""name"":""point"",""cx"":2422,""cy"":2118}","{}"
RearCam_male_Expression_Surprised_100percentEyeState_00000018.jpg,3929327,"{""caption"":"""",""public_domain"":""no"",""image_url"":""""}",20,16,"{""name"":""point"",""cx"":2204,""cy"":2177}","{}"
RearCam_male_Expression_Surprised_100percentEyeState_00000018.jpg,3929327,"{""caption"":"""",""public_domain"":""no"",""image_url"":""""}",20,17,"{""name"":""point"",""cx"":2289,""cy"":2190}","{}"
RearCam_male_Expression_Surprised_100percentEyeState_00000018.jpg,3929327,"{""caption"":"""",""public_domain"":""no"",""image_url"":""""}",20,18,"{""name"":""point"",""cx"":2338,""cy"":2185}","{}"
RearCam_male_Expression_Surprised_100percentEyeState_00000018.jpg,3929327,"{""caption"":"""",""public_domain"":""no"",""image_url"":""""}",20,19,"{""name"":""point"",""cx"":2405,""cy"":2176}","{}"